{"cameraMode":{"drawMode":0,"name":"Shaded","section":"Shading Mode"},"sceneLighting":true,"audioPlay":false,"sceneViewState":{"showFog":true,"showMaterialUpdate":false,"showSkybox":true,"showFlares":true,"showImageEffects":true,"showParticleSystems":true},"in2DMode":false,"pivot":{"x":-6.837226867675781,"y":1.6548995971679688,"z":-11.342018127441407},"rotation":{"x":0.006833336781710386,"y":0.9691506028175354,"z":-0.24488596618175507,"w":0.0270442645996809},"size":110.79911041259766,"orthographic":true}